ActualCostID,ProjectID,WBSElementID,TaskID,CostCategory,Description,Amount,TransactionDate,VendorID,PurchaseOrderID,Notes,RecordedDate
1,1,1,,Labor,Electrician Hours,500.0,2025-07-01,,,,2025-07-01 20:55:43
2,1,1,,Labor,Electrician Hours,500.0,2025-07-01,,,,2025-07-01 20:56:09
3,1,1,,Labor,Electrician Hours,500.0,2025-07-01,,,,2025-07-01 21:46:01
4,1,1,,Labor,Electrician Hours,500.0,2025-07-01,,,,2025-07-01 22:11:00
5,1,1,,Labor,Electrician Hours,500.0,2025-07-01,,,,2025-07-01 22:13:10
6,1,1,,Labor Execution,Field Labor - Week 1,1500.0,2024-01-10,,,,2025-07-01 22:42:56
7,1,1,,Materials Execution,Concrete Purchase,850.0,2024-01-11,,,,2025-07-01 22:42:56
8,1,1,,Test Cost,Setup cost for closeout test,100.0,2025-07-01,,,,2025-07-01 22:44:19
9,1,1,,Test Cost,Setup cost for closeout test,100.0,2025-07-01,,,,2025-07-01 22:44:37
