ProgressUpdateID,ProjectID,WBSElementID,TaskID,UpdateDate,CompletionPercentage,Notes,RecordedByEmployeeID,RecordedDate
1,1,1,,2025-07-01 20:55:43,50.0,Halfway done with this WBS element.,,2025-07-01 20:55:43
2,1,1,,2025-07-01 20:56:09,50.0,Halfway done with this WBS element.,,2025-07-01 20:56:09
3,1,1,,2025-07-01 21:46:01,50.0,Halfway done with this WBS element.,,2025-07-01 21:46:01
4,1,1,,2025-07-01 22:11:00,50.0,Halfway done with this WBS element.,,2025-07-01 22:11:00
5,1,1,,2025-07-01 22:13:10,50.0,Halfway done with this WBS element.,,2025-07-01 22:13:10
